{"cameraMode":{"drawMode":0,"name":"Shaded","section":"Shading Mode"},"sceneLighting":true,"audioPlay":false,"sceneViewState":{"m_AlwaysRefresh":false,"showFog":true,"showSkybox":false,"showFlares":true,"showImageEffects":true,"showParticleSystems":true,"showVisualEffectGraphs":true,"m_FxEnabled":false},"in2DMode":false,"pivot":{"x":-0.16634681820869447,"y":1.3431792259216309,"z":-2.218719959259033},"rotation":{"x":-0.000602007086854428,"y":-0.01200003270059824,"z":-0.000008638005965622142,"w":0.9999348521232605},"size":1.584159255027771,"orthographic":true}